room_number,booking_id,room_type,country,hotel_name,rooms_booked
101,23450,Double,UK,AK Hotel,3
102,23451,Double,UK,AK Hotel,2
103,23452,Suite,Japan,AK Hotel,1
104,23453,Single,UK,AK Hotel,2
105,23454,Single,Australia,AK Hotel,3
106,23455,Suite,USA,AK Hotel,1
107,23456,Suite,USA,AK Hotel,3
108,23457,Double,Australia,AK Hotel,3
109,23458,Single,USA,AK Hotel,1
110,23459,Suite,Australia,AK Hotel,1
111,23460,Single,France,AK Hotel,2
112,23461,Suite,USA,AK Hotel,1
113,23462,Single,Australia,AK Hotel,1
114,23463,Double,France,AK Hotel,3
115,23464,Suite,Australia,AK Hotel,1
116,23465,Single,UK,AK Hotel,3
117,23466,Single,USA,AK Hotel,2
118,23467,Suite,Australia,AK Hotel,1
119,23468,Suite,France,AK Hotel,3
120,23469,Double,Australia,AK Hotel,2
121,23470,Double,UK,AK Hotel,2
122,23471,Suite,France,AK Hotel,1
123,23472,Double,UK,AK Hotel,3
124,23473,Suite,UK,AK Hotel,1
125,23474,Single,Japan,AK Hotel,1
126,23475,Single,USA,AK Hotel,2
127,23476,Suite,Japan,AK Hotel,3
128,23477,Double,UK,AK Hotel,3
129,23478,Single,UK,AK Hotel,3
130,23479,Double,Japan,AK Hotel,3
131,23480,Suite,France,AK Hotel,1
132,23481,Suite,UK,AK Hotel,2
133,23482,Double,France,AK Hotel,1
134,23483,Double,Japan,AK Hotel,2
135,23484,Suite,Japan,AK Hotel,2
136,23485,Double,Australia,AK Hotel,3
137,23486,Single,UK,AK Hotel,2
138,23487,Double,UK,AK Hotel,2
139,23488,Suite,Japan,AK Hotel,2
140,23489,Double,Japan,AK Hotel,2
141,23490,Single,UK,AK Hotel,3
142,23491,Double,UK,AK Hotel,3
143,23492,Double,Japan,AK Hotel,1
144,23493,Single,Australia,AK Hotel,2
145,23494,Double,France,AK Hotel,3
146,23495,Single,Australia,AK Hotel,2
147,23496,Suite,USA,AK Hotel,3
148,23497,Suite,UK,AK Hotel,1
149,23498,Single,UK,AK Hotel,3
150,23499,Suite,UK,AK Hotel,2
151,23500,Single,UK,AK Hotel,1
152,23501,Double,Australia,AK Hotel,2
153,23502,Single,UK,AK Hotel,3
154,23503,Suite,USA,AK Hotel,3
155,23504,Suite,UK,AK Hotel,1
156,23505,Double,USA,AK Hotel,2
157,23506,Suite,Australia,AK Hotel,1
158,23507,Suite,France,AK Hotel,2
159,23508,Suite,Japan,AK Hotel,1
160,23509,Single,Japan,AK Hotel,3
161,23510,Double,USA,AK Hotel,1
162,23511,Single,France,AK Hotel,1
163,23512,Suite,USA,AK Hotel,2
164,23513,Double,France,AK Hotel,1
165,23514,Suite,UK,AK Hotel,3
166,23515,Single,Japan,AK Hotel,1
167,23516,Suite,USA,AK Hotel,2
168,23517,Double,Australia,AK Hotel,1
169,23518,Single,Japan,AK Hotel,3
170,23519,Double,USA,AK Hotel,2
171,23520,Double,Australia,AK Hotel,1
172,23521,Suite,France,AK Hotel,3
173,23522,Suite,Japan,AK Hotel,3
174,23523,Double,USA,AK Hotel,3
175,23524,Suite,Australia,AK Hotel,2
176,23525,Suite,USA,AK Hotel,1
177,23526,Single,UK,AK Hotel,2
178,23527,Double,France,AK Hotel,3
179,23528,Suite,UK,AK Hotel,2
180,23529,Single,France,AK Hotel,1
181,23530,Double,USA,AK Hotel,1
182,23531,Double,USA,AK Hotel,2
183,23532,Suite,UK,AK Hotel,2
184,23533,Single,USA,AK Hotel,1
185,23534,Single,UK,AK Hotel,2
186,23535,Double,USA,AK Hotel,2
187,23536,Single,Japan,AK Hotel,2
188,23537,Single,Japan,AK Hotel,3
189,23538,Suite,France,AK Hotel,1
190,23539,Suite,UK,AK Hotel,1
191,23540,Suite,UK,AK Hotel,1
192,23541,Suite,Australia,AK Hotel,2
193,23542,Suite,France,AK Hotel,1
194,23543,Suite,Australia,AK Hotel,1
195,23544,Suite,Japan,AK Hotel,3
196,23545,Double,Japan,AK Hotel,2
197,23546,Double,Australia,AK Hotel,3
198,23547,Single,USA,AK Hotel,3
199,23548,Single,Australia,AK Hotel,2
200,23549,Single,France,AK Hotel,3
201,23550,Double,USA,AK Hotel,2
202,23551,Suite,France,AK Hotel,1
203,23552,Double,France,AK Hotel,1
204,23553,Double,USA,AK Hotel,3
205,23554,Suite,Australia,AK Hotel,3
206,23555,Suite,Australia,AK Hotel,2
207,23556,Double,France,AK Hotel,3
208,23557,Suite,France,AK Hotel,3
209,23558,Suite,Japan,AK Hotel,2
210,23559,Single,UK,AK Hotel,1
211,23560,Double,USA,AK Hotel,1
212,23561,Suite,UK,AK Hotel,2
213,23562,Suite,Australia,AK Hotel,1
214,23563,Suite,USA,AK Hotel,1
215,23564,Single,UK,AK Hotel,1
216,23565,Double,Australia,AK Hotel,3
217,23566,Suite,USA,AK Hotel,3
218,23567,Double,UK,AK Hotel,2
219,23568,Double,France,AK Hotel,1
220,23569,Suite,France,AK Hotel,3
221,23570,Suite,France,AK Hotel,3
222,23571,Single,Japan,AK Hotel,1
223,23572,Single,Japan,AK Hotel,3
224,23573,Double,UK,AK Hotel,2
225,23574,Double,USA,AK Hotel,3
226,23575,Single,USA,AK Hotel,3
227,23576,Single,Australia,AK Hotel,2
228,23577,Single,Japan,AK Hotel,2
229,23578,Suite,Japan,AK Hotel,2
230,23579,Suite,USA,AK Hotel,3
231,23580,Suite,USA,AK Hotel,2
232,23581,Double,Australia,AK Hotel,3
233,23582,Suite,Japan,AK Hotel,2
234,23583,Suite,Japan,AK Hotel,1
235,23584,Suite,France,AK Hotel,3
236,23585,Double,Australia,AK Hotel,3
237,23586,Single,Japan,AK Hotel,2
238,23587,Single,UK,AK Hotel,3
239,23588,Single,USA,AK Hotel,1
240,23589,Suite,Australia,AK Hotel,3
241,23590,Single,USA,AK Hotel,2
242,23591,Double,Australia,AK Hotel,2
243,23592,Single,Japan,AK Hotel,2
244,23593,Single,UK,AK Hotel,3
245,23594,Double,UK,AK Hotel,1
246,23595,Suite,USA,AK Hotel,2
247,23596,Suite,Australia,AK Hotel,2
248,23597,Single,France,AK Hotel,1
249,23598,Double,Australia,AK Hotel,3
250,23599,Double,USA,AK Hotel,1
251,23600,Single,France,AK Hotel,3
252,23601,Double,UK,AK Hotel,1
253,23602,Single,Japan,AK Hotel,3
254,23603,Double,UK,AK Hotel,1
255,23604,Suite,USA,AK Hotel,1
256,23605,Double,USA,AK Hotel,3
257,23606,Single,UK,AK Hotel,2
258,23607,Single,UK,AK Hotel,1
259,23608,Double,France,AK Hotel,3
260,23609,Suite,UK,AK Hotel,3
261,23610,Double,Australia,AK Hotel,3
262,23611,Suite,UK,AK Hotel,3
263,23612,Suite,UK,AK Hotel,1
264,23613,Suite,Australia,AK Hotel,1
265,23614,Double,USA,AK Hotel,2
266,23615,Suite,Japan,AK Hotel,3
267,23616,Double,Australia,AK Hotel,3
268,23617,Single,Japan,AK Hotel,2
269,23618,Single,France,AK Hotel,3
270,23619,Single,UK,AK Hotel,2
271,23620,Single,USA,AK Hotel,2
272,23621,Single,France,AK Hotel,1
273,23622,Single,Japan,AK Hotel,2
274,23623,Suite,France,AK Hotel,1
275,23624,Double,UK,AK Hotel,3
276,23625,Double,Japan,AK Hotel,1
277,23626,Suite,USA,AK Hotel,2
278,23627,Suite,UK,AK Hotel,1
279,23628,Double,Japan,AK Hotel,1
280,23629,Single,France,AK Hotel,3
281,23630,Double,Japan,AK Hotel,3
282,23631,Suite,Japan,AK Hotel,3
283,23632,Single,UK,AK Hotel,2
284,23633,Single,UK,AK Hotel,3
285,23634,Double,France,AK Hotel,2
286,23635,Double,USA,AK Hotel,1
287,23636,Suite,France,AK Hotel,3
288,23637,Double,France,AK Hotel,1
289,23638,Suite,France,AK Hotel,1
290,23639,Single,USA,AK Hotel,3
291,23640,Single,USA,AK Hotel,2
292,23641,Suite,UK,AK Hotel,2
293,23642,Single,Japan,AK Hotel,1
294,23643,Double,France,AK Hotel,2
295,23644,Double,France,AK Hotel,3
296,23645,Single,UK,AK Hotel,2
297,23646,Suite,France,AK Hotel,1
298,23647,Suite,Japan,AK Hotel,3
299,23648,Suite,USA,AK Hotel,1
300,23649,Suite,Australia,AK Hotel,1
301,23650,Suite,USA,AK Hotel,3
302,23651,Suite,France,AK Hotel,1
303,23652,Single,France,AK Hotel,1
304,23653,Single,USA,AK Hotel,1
305,23654,Single,UK,AK Hotel,2
306,23655,Single,Japan,AK Hotel,1
307,23656,Double,Japan,AK Hotel,1
308,23657,Single,Australia,AK Hotel,3
309,23658,Single,UK,AK Hotel,3
310,23659,Suite,UK,AK Hotel,1
311,23660,Double,Australia,AK Hotel,1
312,23661,Single,USA,AK Hotel,1
313,23662,Single,Japan,AK Hotel,3
314,23663,Double,USA,AK Hotel,3
315,23664,Double,Australia,AK Hotel,2
316,23665,Single,UK,AK Hotel,3
317,23666,Single,France,AK Hotel,3
318,23667,Suite,UK,AK Hotel,2
319,23668,Suite,Australia,AK Hotel,1
320,23669,Single,USA,AK Hotel,2
321,23670,Suite,France,AK Hotel,1
322,23671,Single,USA,AK Hotel,3
323,23672,Suite,Japan,AK Hotel,1
324,23673,Single,Japan,AK Hotel,2
325,23674,Double,UK,AK Hotel,1
326,23675,Single,Australia,AK Hotel,2
327,23676,Suite,UK,AK Hotel,3
328,23677,Suite,Japan,AK Hotel,3
329,23678,Suite,USA,AK Hotel,2
330,23679,Double,Japan,AK Hotel,2
331,23680,Suite,UK,AK Hotel,1
332,23681,Double,USA,AK Hotel,3
333,23682,Double,UK,AK Hotel,3
334,23683,Double,France,AK Hotel,3
335,23684,Double,USA,AK Hotel,2
336,23685,Double,Japan,AK Hotel,2
337,23686,Single,France,AK Hotel,2
338,23687,Double,USA,AK Hotel,2
339,23688,Double,Japan,AK Hotel,1
340,23689,Double,France,AK Hotel,1
341,23690,Suite,Australia,AK Hotel,1
342,23691,Double,Japan,AK Hotel,3
343,23692,Double,UK,AK Hotel,1
344,23693,Double,USA,AK Hotel,3
345,23694,Single,Japan,AK Hotel,3
346,23695,Single,UK,AK Hotel,1
347,23696,Double,USA,AK Hotel,3
348,23697,Double,France,AK Hotel,2
349,23698,Double,Australia,AK Hotel,2
350,23699,Suite,USA,AK Hotel,1
351,23700,Single,Australia,AK Hotel,3
352,23701,Double,Australia,AK Hotel,3
353,23702,Double,France,AK Hotel,3
354,23703,Single,Australia,AK Hotel,3
355,23704,Suite,France,AK Hotel,2
356,23705,Double,USA,AK Hotel,2
357,23706,Single,Japan,AK Hotel,2
358,23707,Suite,UK,AK Hotel,1
359,23708,Single,UK,AK Hotel,2
360,23709,Suite,USA,AK Hotel,3
361,23710,Double,France,AK Hotel,1
362,23711,Suite,Japan,AK Hotel,1
363,23712,Single,Australia,AK Hotel,3
364,23713,Double,USA,AK Hotel,3
365,23714,Double,Australia,AK Hotel,1
366,23715,Single,USA,AK Hotel,2
367,23716,Double,France,AK Hotel,1
368,23717,Double,Japan,AK Hotel,1
369,23718,Suite,France,AK Hotel,3
370,23719,Suite,Australia,AK Hotel,2
371,23720,Double,USA,AK Hotel,3
372,23721,Single,USA,AK Hotel,3
373,23722,Single,USA,AK Hotel,3
374,23723,Double,UK,AK Hotel,1
375,23724,Single,Australia,AK Hotel,3
376,23725,Double,UK,AK Hotel,3
377,23726,Single,UK,AK Hotel,1
378,23727,Double,France,AK Hotel,3
379,23728,Suite,Japan,AK Hotel,3
380,23729,Double,Australia,AK Hotel,2
381,23730,Single,France,AK Hotel,1
382,23731,Single,UK,AK Hotel,1
383,23732,Double,France,AK Hotel,3
384,23733,Single,Japan,AK Hotel,2
385,23734,Double,Australia,AK Hotel,3
386,23735,Double,UK,AK Hotel,1
387,23736,Suite,USA,AK Hotel,3
388,23737,Single,UK,AK Hotel,1
389,23738,Suite,USA,AK Hotel,1
390,23739,Single,Japan,AK Hotel,2
391,23740,Suite,USA,AK Hotel,2
392,23741,Single,USA,AK Hotel,2
393,23742,Single,Japan,AK Hotel,3
394,23743,Double,UK,AK Hotel,1
395,23744,Single,Australia,AK Hotel,2
396,23745,Double,France,AK Hotel,2
397,23746,Double,USA,AK Hotel,1
398,23747,Suite,France,AK Hotel,3
399,23748,Single,Australia,AK Hotel,3
400,23749,Single,Japan,AK Hotel,1
401,23750,Double,Australia,AK Hotel,3
402,23751,Suite,USA,AK Hotel,1
403,23752,Double,France,AK Hotel,2
404,23753,Double,Japan,AK Hotel,2
405,23754,Suite,USA,AK Hotel,2
406,23755,Single,Japan,AK Hotel,2
407,23756,Single,France,AK Hotel,3
408,23757,Suite,Japan,AK Hotel,2
409,23758,Suite,Australia,AK Hotel,2
410,23759,Suite,Australia,AK Hotel,1
411,23760,Suite,USA,AK Hotel,1
412,23761,Double,USA,AK Hotel,2
413,23762,Double,France,AK Hotel,2
414,23763,Suite,USA,AK Hotel,2
415,23764,Single,UK,AK Hotel,3
416,23765,Double,UK,AK Hotel,3
417,23766,Single,UK,AK Hotel,1
418,23767,Double,Australia,AK Hotel,2
419,23768,Single,Japan,AK Hotel,1
420,23769,Suite,Japan,AK Hotel,3
421,23770,Single,France,AK Hotel,3
422,23771,Suite,France,AK Hotel,3
423,23772,Single,Japan,AK Hotel,1
424,23773,Suite,UK,AK Hotel,1
425,23774,Single,France,AK Hotel,2
426,23775,Single,France,AK Hotel,2
427,23776,Double,Australia,AK Hotel,2
428,23777,Suite,Australia,AK Hotel,3
429,23778,Suite,Japan,AK Hotel,1
430,23779,Suite,Australia,AK Hotel,1
431,23780,Single,UK,AK Hotel,1
432,23781,Single,USA,AK Hotel,3
433,23782,Suite,France,AK Hotel,2
434,23783,Double,USA,AK Hotel,3
435,23784,Double,France,AK Hotel,1
436,23785,Double,France,AK Hotel,1
437,23786,Double,Australia,AK Hotel,1
438,23787,Double,Japan,AK Hotel,1
439,23788,Single,USA,AK Hotel,2
440,23789,Suite,Australia,AK Hotel,1
441,23790,Single,Australia,AK Hotel,2
442,23791,Double,USA,AK Hotel,1
443,23792,Double,Australia,AK Hotel,1
444,23793,Suite,Japan,AK Hotel,1
445,23794,Single,France,AK Hotel,3
446,23795,Single,USA,AK Hotel,3
447,23796,Double,Japan,AK Hotel,3
448,23797,Double,Australia,AK Hotel,3
449,23798,Suite,USA,AK Hotel,1
450,23799,Suite,Australia,AK Hotel,3
451,23800,Single,UK,AK Hotel,1
452,23801,Double,Australia,AK Hotel,1
453,23802,Single,Australia,AK Hotel,3
454,23803,Double,UK,AK Hotel,3
455,23804,Single,Japan,AK Hotel,1
456,23805,Single,Australia,AK Hotel,1
457,23806,Double,UK,AK Hotel,3
458,23807,Single,France,AK Hotel,1
459,23808,Single,USA,AK Hotel,1
460,23809,Double,UK,AK Hotel,3
461,23810,Double,USA,AK Hotel,3
462,23811,Single,France,AK Hotel,2
463,23812,Suite,Australia,AK Hotel,1
464,23813,Suite,Japan,AK Hotel,2
465,23814,Suite,UK,AK Hotel,3
466,23815,Double,Australia,AK Hotel,1
467,23816,Suite,USA,AK Hotel,3
468,23817,Single,France,AK Hotel,2
469,23818,Single,UK,AK Hotel,1
470,23819,Single,UK,AK Hotel,2
471,23820,Suite,USA,AK Hotel,2
472,23821,Double,France,AK Hotel,2
473,23822,Double,USA,AK Hotel,3
474,23823,Double,USA,AK Hotel,3
475,23824,Double,UK,AK Hotel,1
476,23825,Double,France,AK Hotel,2
477,23826,Double,USA,AK Hotel,3
478,23827,Single,UK,AK Hotel,2
479,23828,Double,Japan,AK Hotel,2
480,23829,Single,UK,AK Hotel,2
481,23830,Suite,Australia,AK Hotel,1
482,23831,Single,USA,AK Hotel,1
483,23832,Double,UK,AK Hotel,1
484,23833,Single,France,AK Hotel,2
485,23834,Double,USA,AK Hotel,3
486,23835,Double,UK,AK Hotel,2
487,23836,Single,France,AK Hotel,3
488,23837,Suite,Japan,AK Hotel,3
489,23838,Single,Japan,AK Hotel,1
490,23839,Suite,UK,AK Hotel,1
491,23840,Double,France,AK Hotel,2
492,23841,Double,USA,AK Hotel,2
493,23842,Double,USA,AK Hotel,2
494,23843,Double,UK,AK Hotel,2
495,23844,Suite,Japan,AK Hotel,3
496,23845,Suite,Japan,AK Hotel,2
497,23846,Single,UK,AK Hotel,1
498,23847,Double,France,AK Hotel,2
499,23848,Single,Japan,AK Hotel,2
500,23849,Double,Australia,AK Hotel,2
501,23850,Single,Japan,AK Hotel,1
502,23851,Double,France,AK Hotel,2
503,23852,Suite,France,AK Hotel,1
504,23853,Suite,Japan,AK Hotel,1
505,23854,Double,USA,AK Hotel,3
506,23855,Single,UK,AK Hotel,3
507,23856,Suite,USA,AK Hotel,3
508,23857,Single,USA,AK Hotel,1
509,23858,Suite,Australia,AK Hotel,1
510,23859,Single,France,AK Hotel,3
511,23860,Double,UK,AK Hotel,1
512,23861,Single,UK,AK Hotel,3
513,23862,Suite,Australia,AK Hotel,1
514,23863,Single,Japan,AK Hotel,2
515,23864,Single,USA,AK Hotel,3
516,23865,Suite,Australia,AK Hotel,3
517,23866,Double,Australia,AK Hotel,1
518,23867,Double,France,AK Hotel,1
519,23868,Suite,France,AK Hotel,1
520,23869,Single,UK,AK Hotel,3
521,23870,Single,France,AK Hotel,1
522,23871,Double,Australia,AK Hotel,3
523,23872,Suite,Australia,AK Hotel,1
524,23873,Single,USA,AK Hotel,3
525,23874,Suite,Japan,AK Hotel,1
526,23875,Single,UK,AK Hotel,2
527,23876,Suite,USA,AK Hotel,2
528,23877,Suite,USA,AK Hotel,2
529,23878,Suite,Japan,AK Hotel,1
530,23879,Suite,UK,AK Hotel,3
531,23880,Suite,USA,AK Hotel,1
532,23881,Single,USA,AK Hotel,2
533,23882,Suite,UK,AK Hotel,2
534,23883,Single,Japan,AK Hotel,2
535,23884,Suite,France,AK Hotel,1
536,23885,Double,Australia,AK Hotel,1
537,23886,Double,UK,AK Hotel,2
538,23887,Double,France,AK Hotel,2
539,23888,Suite,Japan,AK Hotel,3
540,23889,Suite,Japan,AK Hotel,3
541,23890,Double,UK,AK Hotel,1
542,23891,Double,Japan,AK Hotel,1
543,23892,Suite,Australia,AK Hotel,3
544,23893,Single,Australia,AK Hotel,3
545,23894,Suite,Japan,AK Hotel,2
546,23895,Suite,Japan,AK Hotel,1
547,23896,Double,UK,AK Hotel,1
548,23897,Suite,UK,AK Hotel,3
549,23898,Suite,France,AK Hotel,1
550,23899,Single,UK,AK Hotel,2
551,23900,Double,Japan,AK Hotel,3
552,23901,Suite,Australia,AK Hotel,2
553,23902,Double,France,AK Hotel,1
554,23903,Suite,USA,AK Hotel,3
555,23904,Suite,Japan,AK Hotel,1
556,23905,Double,Australia,AK Hotel,3
557,23906,Double,Australia,AK Hotel,3
558,23907,Single,Japan,AK Hotel,2
559,23908,Suite,USA,AK Hotel,1
560,23909,Suite,Japan,AK Hotel,2
561,23910,Suite,Japan,AK Hotel,3
562,23911,Double,France,AK Hotel,2
563,23912,Double,USA,AK Hotel,2
564,23913,Single,Japan,AK Hotel,3
565,23914,Suite,USA,AK Hotel,2
566,23915,Suite,Japan,AK Hotel,1
567,23916,Single,UK,AK Hotel,1
568,23917,Single,Australia,AK Hotel,2
569,23918,Double,Australia,AK Hotel,2
570,23919,Single,Japan,AK Hotel,2
571,23920,Double,France,AK Hotel,1
572,23921,Double,France,AK Hotel,3
573,23922,Single,France,AK Hotel,1
574,23923,Suite,Australia,AK Hotel,1
575,23924,Suite,Japan,AK Hotel,1
576,23925,Single,USA,AK Hotel,3
577,23926,Double,UK,AK Hotel,3
578,23927,Single,Japan,AK Hotel,3
579,23928,Single,Australia,AK Hotel,3
580,23929,Suite,Australia,AK Hotel,1
581,23930,Suite,UK,AK Hotel,1
582,23931,Suite,UK,AK Hotel,3
583,23932,Double,UK,AK Hotel,2
584,23933,Double,UK,AK Hotel,1
585,23934,Double,France,AK Hotel,3
586,23935,Double,Japan,AK Hotel,1
587,23936,Suite,France,AK Hotel,3
588,23937,Double,USA,AK Hotel,2
589,23938,Double,France,AK Hotel,3
590,23939,Suite,Australia,AK Hotel,2
591,23940,Double,Japan,AK Hotel,1
592,23941,Suite,France,AK Hotel,3
593,23942,Single,UK,AK Hotel,2
594,23943,Double,UK,AK Hotel,1
595,23944,Suite,USA,AK Hotel,1
596,23945,Suite,Australia,AK Hotel,2
597,23946,Suite,France,AK Hotel,2
598,23947,Double,UK,AK Hotel,2
599,23948,Suite,UK,AK Hotel,1
600,23949,Single,USA,AK Hotel,1
601,23950,Single,Japan,AK Hotel,2
602,23951,Single,Australia,AK Hotel,1
603,23952,Single,UK,AK Hotel,3
604,23953,Double,USA,AK Hotel,3
605,23954,Single,Australia,AK Hotel,1
606,23955,Single,USA,AK Hotel,1
607,23956,Suite,USA,AK Hotel,2
608,23957,Single,Australia,AK Hotel,1
609,23958,Single,Japan,AK Hotel,3
610,23959,Double,Australia,AK Hotel,3
611,23960,Single,France,AK Hotel,2
612,23961,Suite,UK,AK Hotel,1
613,23962,Single,France,AK Hotel,1
614,23963,Suite,USA,AK Hotel,2
615,23964,Suite,UK,AK Hotel,2
616,23965,Double,UK,AK Hotel,3
617,23966,Suite,USA,AK Hotel,1
618,23967,Double,UK,AK Hotel,3
619,23968,Single,UK,AK Hotel,2
620,23969,Double,Australia,AK Hotel,2
621,23970,Single,UK,AK Hotel,1
622,23971,Suite,UK,AK Hotel,3
623,23972,Suite,France,AK Hotel,1
624,23973,Single,Japan,AK Hotel,1
625,23974,Double,France,AK Hotel,3
626,23975,Single,Japan,AK Hotel,3
627,23976,Suite,France,AK Hotel,1
628,23977,Double,Japan,AK Hotel,1
629,23978,Suite,Japan,AK Hotel,3
630,23979,Double,UK,AK Hotel,3
631,23980,Single,Australia,AK Hotel,2
632,23981,Double,France,AK Hotel,2
633,23982,Suite,Australia,AK Hotel,3
634,23983,Double,USA,AK Hotel,3
635,23984,Single,Australia,AK Hotel,3
636,23985,Double,UK,AK Hotel,1
637,23986,Single,USA,AK Hotel,1
638,23987,Suite,USA,AK Hotel,3
639,23988,Double,Australia,AK Hotel,3
640,23989,Single,Australia,AK Hotel,1
641,23990,Single,France,AK Hotel,3
642,23991,Double,UK,AK Hotel,1
643,23992,Single,UK,AK Hotel,2
644,23993,Single,France,AK Hotel,1
645,23994,Double,USA,AK Hotel,1
646,23995,Double,Japan,AK Hotel,3
647,23996,Suite,UK,AK Hotel,3
648,23997,Double,USA,AK Hotel,2
649,23998,Double,USA,AK Hotel,1
650,23999,Double,UK,AK Hotel,2
651,24000,Double,Australia,AK Hotel,1
652,24001,Single,France,AK Hotel,3
653,24002,Single,Australia,AK Hotel,2
654,24003,Suite,UK,AK Hotel,2
655,24004,Double,France,AK Hotel,1
656,24005,Single,USA,AK Hotel,1
657,24006,Suite,USA,AK Hotel,3
658,24007,Single,UK,AK Hotel,3
659,24008,Single,USA,AK Hotel,2
660,24009,Suite,France,AK Hotel,1
661,24010,Single,USA,AK Hotel,1
662,24011,Double,Australia,AK Hotel,3
663,24012,Suite,UK,AK Hotel,3
664,24013,Single,France,AK Hotel,1
665,24014,Suite,Japan,AK Hotel,1
666,24015,Suite,France,AK Hotel,1
667,24016,Suite,UK,AK Hotel,2
668,24017,Single,Japan,AK Hotel,3
669,24018,Double,UK,AK Hotel,1
670,24019,Single,Australia,AK Hotel,3
671,24020,Double,Japan,AK Hotel,2
672,24021,Double,Japan,AK Hotel,2
673,24022,Suite,USA,AK Hotel,2
674,24023,Single,USA,AK Hotel,2
675,24024,Suite,Japan,AK Hotel,2
676,24025,Single,France,AK Hotel,1
677,24026,Suite,Japan,AK Hotel,3
678,24027,Suite,France,AK Hotel,1
679,24028,Single,Australia,AK Hotel,3
680,24029,Suite,USA,AK Hotel,3
681,24030,Suite,Japan,AK Hotel,2
682,24031,Suite,Australia,AK Hotel,3
683,24032,Suite,France,AK Hotel,3
684,24033,Single,France,AK Hotel,1
685,24034,Suite,France,AK Hotel,1
686,24035,Double,Australia,AK Hotel,3
687,24036,Suite,USA,AK Hotel,3
688,24037,Single,USA,AK Hotel,1
689,24038,Double,Japan,AK Hotel,3
690,24039,Suite,USA,AK Hotel,2
691,24040,Suite,USA,AK Hotel,3
692,24041,Double,Japan,AK Hotel,1
693,24042,Single,UK,AK Hotel,2
694,24043,Suite,USA,AK Hotel,1
695,24044,Single,UK,AK Hotel,3
696,24045,Double,UK,AK Hotel,3
697,24046,Double,UK,AK Hotel,2
698,24047,Single,Japan,AK Hotel,3
699,24048,Suite,UK,AK Hotel,1
700,24049,Single,Japan,AK Hotel,2
701,24050,Double,Japan,AK Hotel,2
702,24051,Double,Japan,AK Hotel,1
703,24052,Single,UK,AK Hotel,3
704,24053,Double,USA,AK Hotel,1
705,24054,Single,Australia,AK Hotel,3
706,24055,Double,UK,AK Hotel,3
707,24056,Double,USA,AK Hotel,3
708,24057,Single,Japan,AK Hotel,1
709,24058,Double,Australia,AK Hotel,1
710,24059,Suite,France,AK Hotel,2
711,24060,Single,UK,AK Hotel,1
712,24061,Double,Japan,AK Hotel,3
713,24062,Double,UK,AK Hotel,1
714,24063,Suite,USA,AK Hotel,1
715,24064,Double,Australia,AK Hotel,2
716,24065,Suite,USA,AK Hotel,3
717,24066,Single,Japan,AK Hotel,3
718,24067,Single,Japan,AK Hotel,3
719,24068,Suite,Australia,AK Hotel,3
720,24069,Single,Australia,AK Hotel,3
721,24070,Suite,Japan,AK Hotel,1
722,24071,Suite,USA,AK Hotel,1
723,24072,Double,France,AK Hotel,1
724,24073,Double,Australia,AK Hotel,1
725,24074,Double,Japan,AK Hotel,3
726,24075,Double,USA,AK Hotel,2
727,24076,Suite,Australia,AK Hotel,1
728,24077,Double,Australia,AK Hotel,3
729,24078,Single,UK,AK Hotel,1
730,24079,Single,USA,AK Hotel,1
731,24080,Double,UK,AK Hotel,1
732,24081,Double,USA,AK Hotel,3
733,24082,Single,USA,AK Hotel,3
734,24083,Single,France,AK Hotel,3
735,24084,Single,France,AK Hotel,3
736,24085,Suite,France,AK Hotel,2
737,24086,Single,UK,AK Hotel,1
738,24087,Suite,UK,AK Hotel,3
739,24088,Double,USA,AK Hotel,1
740,24089,Double,France,AK Hotel,3
741,24090,Suite,Japan,AK Hotel,1
742,24091,Single,UK,AK Hotel,2
743,24092,Double,Japan,AK Hotel,2
744,24093,Suite,Japan,AK Hotel,1
745,24094,Single,France,AK Hotel,1
746,24095,Suite,Japan,AK Hotel,2
747,24096,Single,USA,AK Hotel,3
748,24097,Double,USA,AK Hotel,1
749,24098,Single,USA,AK Hotel,2
750,24099,Suite,UK,AK Hotel,2
751,24100,Single,USA,AK Hotel,1
752,24101,Suite,UK,AK Hotel,3
753,24102,Double,USA,AK Hotel,1
754,24103,Single,Japan,AK Hotel,1
755,24104,Single,USA,AK Hotel,3
756,24105,Double,Australia,AK Hotel,1
757,24106,Single,France,AK Hotel,3
758,24107,Suite,Japan,AK Hotel,2
759,24108,Double,France,AK Hotel,1
760,24109,Single,UK,AK Hotel,1
761,24110,Single,Japan,AK Hotel,3
762,24111,Double,UK,AK Hotel,1
763,24112,Suite,USA,AK Hotel,3
764,24113,Single,France,AK Hotel,3
765,24114,Suite,USA,AK Hotel,1
766,24115,Double,USA,AK Hotel,1
767,24116,Double,France,AK Hotel,3
768,24117,Suite,France,AK Hotel,2
769,24118,Single,France,AK Hotel,3
770,24119,Single,USA,AK Hotel,2
771,24120,Single,France,AK Hotel,2
772,24121,Double,France,AK Hotel,1
773,24122,Single,France,AK Hotel,3
774,24123,Double,USA,AK Hotel,1
775,24124,Suite,Australia,AK Hotel,2
776,24125,Double,Australia,AK Hotel,1
777,24126,Double,France,AK Hotel,3
778,24127,Double,UK,AK Hotel,2
779,24128,Single,UK,AK Hotel,3
780,24129,Suite,UK,AK Hotel,3
781,24130,Single,USA,AK Hotel,3
782,24131,Suite,Japan,AK Hotel,2
783,24132,Single,Australia,AK Hotel,1
784,24133,Suite,France,AK Hotel,1
785,24134,Suite,Japan,AK Hotel,2
786,24135,Suite,Australia,AK Hotel,3
787,24136,Double,France,AK Hotel,3
788,24137,Double,Japan,AK Hotel,3
789,24138,Suite,Australia,AK Hotel,3
790,24139,Single,Australia,AK Hotel,3
791,24140,Double,France,AK Hotel,2
792,24141,Suite,Japan,AK Hotel,2
793,24142,Suite,France,AK Hotel,1
794,24143,Suite,UK,AK Hotel,2
795,24144,Double,Australia,AK Hotel,1
796,24145,Double,USA,AK Hotel,2
797,24146,Suite,France,AK Hotel,1
798,24147,Double,Australia,AK Hotel,3
799,24148,Double,Japan,AK Hotel,3
800,24149,Double,USA,AK Hotel,3
801,24150,Suite,UK,AK Hotel,2
802,24151,Single,UK,AK Hotel,3
803,24152,Double,France,AK Hotel,3
804,24153,Single,UK,AK Hotel,2
805,24154,Suite,Australia,AK Hotel,1
806,24155,Single,Australia,AK Hotel,1
807,24156,Suite,Japan,AK Hotel,1
808,24157,Double,France,AK Hotel,3
809,24158,Suite,France,AK Hotel,1
810,24159,Single,Japan,AK Hotel,2
811,24160,Double,France,AK Hotel,2
812,24161,Suite,USA,AK Hotel,1
813,24162,Single,USA,AK Hotel,3
814,24163,Single,Japan,AK Hotel,3
815,24164,Double,USA,AK Hotel,1
816,24165,Single,USA,AK Hotel,1
817,24166,Suite,USA,AK Hotel,2
818,24167,Single,UK,AK Hotel,3
819,24168,Suite,Japan,AK Hotel,1
820,24169,Suite,USA,AK Hotel,3
821,24170,Double,France,AK Hotel,3
822,24171,Single,Australia,AK Hotel,3
823,24172,Suite,UK,AK Hotel,2
824,24173,Double,Japan,AK Hotel,2
825,24174,Single,France,AK Hotel,3
826,24175,Suite,UK,AK Hotel,3
827,24176,Single,Japan,AK Hotel,1
828,24177,Single,UK,AK Hotel,3
829,24178,Suite,UK,AK Hotel,2
830,24179,Suite,France,AK Hotel,1
831,24180,Single,France,AK Hotel,1
832,24181,Double,France,AK Hotel,3
833,24182,Suite,Japan,AK Hotel,2
834,24183,Single,Japan,AK Hotel,1
835,24184,Double,France,AK Hotel,2
836,24185,Single,Australia,AK Hotel,2
837,24186,Suite,France,AK Hotel,2
838,24187,Suite,UK,AK Hotel,1
839,24188,Double,France,AK Hotel,1
840,24189,Double,UK,AK Hotel,3
841,24190,Single,Japan,AK Hotel,2
842,24191,Double,Australia,AK Hotel,2
843,24192,Single,UK,AK Hotel,2
844,24193,Suite,Japan,AK Hotel,1
845,24194,Double,France,AK Hotel,2
846,24195,Suite,UK,AK Hotel,3
847,24196,Suite,France,AK Hotel,1
848,24197,Double,USA,AK Hotel,1
849,24198,Suite,France,AK Hotel,3
850,24199,Double,UK,AK Hotel,2
851,24200,Suite,UK,AK Hotel,2
852,24201,Single,UK,AK Hotel,2
853,24202,Suite,Japan,AK Hotel,3
854,24203,Single,UK,AK Hotel,1
855,24204,Suite,UK,AK Hotel,2
856,24205,Double,Australia,AK Hotel,3
857,24206,Single,Japan,AK Hotel,3
858,24207,Suite,UK,AK Hotel,2
859,24208,Single,USA,AK Hotel,2
860,24209,Double,France,AK Hotel,1
861,24210,Single,Japan,AK Hotel,2
862,24211,Double,Japan,AK Hotel,3
863,24212,Single,UK,AK Hotel,3
864,24213,Single,UK,AK Hotel,1
865,24214,Single,Australia,AK Hotel,3
866,24215,Single,USA,AK Hotel,1
867,24216,Single,USA,AK Hotel,1
868,24217,Double,France,AK Hotel,3
869,24218,Suite,UK,AK Hotel,1
870,24219,Single,France,AK Hotel,1
871,24220,Single,USA,AK Hotel,3
872,24221,Double,UK,AK Hotel,1
873,24222,Double,France,AK Hotel,2
874,24223,Single,UK,AK Hotel,3
875,24224,Double,France,AK Hotel,1
876,24225,Suite,UK,AK Hotel,1
877,24226,Single,France,AK Hotel,3
878,24227,Single,Japan,AK Hotel,1
879,24228,Double,USA,AK Hotel,1
880,24229,Double,UK,AK Hotel,1
881,24230,Double,Japan,AK Hotel,1
882,24231,Double,Australia,AK Hotel,3
883,24232,Double,France,AK Hotel,2
884,24233,Single,Japan,AK Hotel,1
885,24234,Double,France,AK Hotel,1
886,24235,Single,UK,AK Hotel,2
887,24236,Single,France,AK Hotel,2
888,24237,Suite,Australia,AK Hotel,1
889,24238,Single,Japan,AK Hotel,3
890,24239,Double,UK,AK Hotel,2
891,24240,Double,UK,AK Hotel,1
892,24241,Suite,USA,AK Hotel,1
893,24242,Single,UK,AK Hotel,2
894,24243,Double,Australia,AK Hotel,1
895,24244,Suite,Japan,AK Hotel,1
896,24245,Suite,Australia,AK Hotel,1
897,24246,Double,Australia,AK Hotel,3
898,24247,Double,USA,AK Hotel,3
899,24248,Double,Australia,AK Hotel,3
900,24249,Suite,Australia,AK Hotel,3
901,24250,Single,France,AK Hotel,3
902,24251,Suite,USA,AK Hotel,2
903,24252,Double,Japan,AK Hotel,2
904,24253,Double,France,AK Hotel,3
905,24254,Double,Australia,AK Hotel,3
906,24255,Suite,Australia,AK Hotel,1
907,24256,Double,USA,AK Hotel,1
908,24257,Double,USA,AK Hotel,2
909,24258,Double,Australia,AK Hotel,2
910,24259,Suite,Japan,AK Hotel,2
911,24260,Double,France,AK Hotel,1
912,24261,Double,France,AK Hotel,1
913,24262,Single,UK,AK Hotel,2
914,24263,Single,Australia,AK Hotel,2
915,24264,Single,UK,AK Hotel,2
916,24265,Double,Australia,AK Hotel,3
917,24266,Single,Japan,AK Hotel,1
918,24267,Suite,USA,AK Hotel,2
919,24268,Single,Japan,AK Hotel,2
920,24269,Double,France,AK Hotel,1
921,24270,Double,France,AK Hotel,1
922,24271,Single,UK,AK Hotel,2
923,24272,Double,Australia,AK Hotel,3
924,24273,Double,Japan,AK Hotel,2
925,24274,Double,Japan,AK Hotel,3
926,24275,Suite,France,AK Hotel,1
927,24276,Double,UK,AK Hotel,3
928,24277,Suite,UK,AK Hotel,3
929,24278,Suite,UK,AK Hotel,3
930,24279,Single,Australia,AK Hotel,1
931,24280,Suite,Japan,AK Hotel,3
932,24281,Double,Japan,AK Hotel,1
933,24282,Suite,France,AK Hotel,3
934,24283,Double,UK,AK Hotel,3
935,24284,Double,Australia,AK Hotel,2
936,24285,Single,France,AK Hotel,2
937,24286,Double,Australia,AK Hotel,2
938,24287,Double,USA,AK Hotel,2
939,24288,Single,France,AK Hotel,1
940,24289,Single,USA,AK Hotel,3
941,24290,Double,Australia,AK Hotel,2
942,24291,Suite,Japan,AK Hotel,3
943,24292,Single,USA,AK Hotel,1
944,24293,Double,USA,AK Hotel,3
945,24294,Single,France,AK Hotel,3
946,24295,Suite,USA,AK Hotel,1
947,24296,Suite,UK,AK Hotel,3
948,24297,Single,France,AK Hotel,3
949,24298,Suite,Japan,AK Hotel,2
950,24299,Suite,Australia,AK Hotel,2
951,24300,Single,France,AK Hotel,2
952,24301,Single,Japan,AK Hotel,2
953,24302,Single,USA,AK Hotel,1
954,24303,Double,Japan,AK Hotel,1
955,24304,Suite,USA,AK Hotel,2
956,24305,Single,UK,AK Hotel,3
957,24306,Single,USA,AK Hotel,3
958,24307,Single,Australia,AK Hotel,2
959,24308,Double,Japan,AK Hotel,1
960,24309,Suite,USA,AK Hotel,2
961,24310,Double,Australia,AK Hotel,1
962,24311,Double,Japan,AK Hotel,1
963,24312,Suite,UK,AK Hotel,2
964,24313,Double,UK,AK Hotel,1
965,24314,Suite,Australia,AK Hotel,3
966,24315,Suite,Japan,AK Hotel,3
967,24316,Suite,Australia,AK Hotel,1
968,24317,Double,Japan,AK Hotel,3
969,24318,Double,France,AK Hotel,3
970,24319,Suite,UK,AK Hotel,3
971,24320,Single,UK,AK Hotel,3
972,24321,Double,Australia,AK Hotel,3
973,24322,Double,Australia,AK Hotel,2
974,24323,Single,UK,AK Hotel,3
975,24324,Suite,USA,AK Hotel,3
976,24325,Single,UK,AK Hotel,2
977,24326,Suite,Japan,AK Hotel,3
978,24327,Suite,UK,AK Hotel,3
979,24328,Double,USA,AK Hotel,2
980,24329,Double,UK,AK Hotel,3
981,24330,Suite,UK,AK Hotel,1
982,24331,Single,France,AK Hotel,2
983,24332,Suite,Japan,AK Hotel,3
984,24333,Single,France,AK Hotel,2
985,24334,Single,Australia,AK Hotel,3
986,24335,Single,USA,AK Hotel,2
987,24336,Suite,USA,AK Hotel,1
988,24337,Single,Japan,AK Hotel,1
989,24338,Single,Japan,AK Hotel,1
990,24339,Suite,USA,AK Hotel,1
991,24340,Single,Australia,AK Hotel,3
992,24341,Double,USA,AK Hotel,2
993,24342,Double,Australia,AK Hotel,2
994,24343,Suite,UK,AK Hotel,2
995,24344,Single,France,AK Hotel,1
996,24345,Single,USA,AK Hotel,2
997,24346,Suite,UK,AK Hotel,3
998,24347,Suite,UK,AK Hotel,3
999,24348,Double,Australia,AK Hotel,2
1000,24349,Suite,USA,AK Hotel,2
1001,24350,Single,USA,AK Hotel,2
1002,24351,Single,UK,AK Hotel,1
1003,24352,Double,France,AK Hotel,3
1004,24353,Double,USA,AK Hotel,1
1005,24354,Double,USA,AK Hotel,1
1006,24355,Single,USA,AK Hotel,2
1007,24356,Suite,France,AK Hotel,2
1008,24357,Suite,Australia,AK Hotel,1
1009,24358,Suite,Japan,AK Hotel,2
1010,24359,Double,Japan,AK Hotel,3
1011,24360,Double,Japan,AK Hotel,1
1012,24361,Double,Japan,AK Hotel,3
1013,24362,Double,USA,AK Hotel,1
1014,24363,Double,Japan,AK Hotel,1
1015,24364,Suite,USA,AK Hotel,3
1016,24365,Suite,USA,AK Hotel,3
1017,24366,Single,France,AK Hotel,2
1018,24367,Double,Japan,AK Hotel,2
1019,24368,Single,Japan,AK Hotel,3
1020,24369,Single,Japan,AK Hotel,3
1021,24370,Single,Japan,AK Hotel,2
1022,24371,Single,Australia,AK Hotel,3
1023,24372,Suite,UK,AK Hotel,3
1024,24373,Double,USA,AK Hotel,3
1025,24374,Single,France,AK Hotel,2
1026,24375,Single,Australia,AK Hotel,1
1027,24376,Single,USA,AK Hotel,1
1028,24377,Suite,UK,AK Hotel,2
1029,24378,Suite,Australia,AK Hotel,3
1030,24379,Double,Japan,AK Hotel,1
1031,24380,Single,UK,AK Hotel,3
1032,24381,Single,UK,AK Hotel,1
1033,24382,Double,UK,AK Hotel,1
1034,24383,Suite,Australia,AK Hotel,1
1035,24384,Suite,USA,AK Hotel,1
1036,24385,Suite,France,AK Hotel,3
1037,24386,Suite,USA,AK Hotel,2
1038,24387,Single,France,AK Hotel,1
1039,24388,Suite,USA,AK Hotel,2
1040,24389,Suite,Australia,AK Hotel,2
1041,24390,Suite,Japan,AK Hotel,3
1042,24391,Suite,Australia,AK Hotel,2
1043,24392,Double,Japan,AK Hotel,3
1044,24393,Single,France,AK Hotel,2
1045,24394,Double,France,AK Hotel,1
1046,24395,Single,Australia,AK Hotel,1
1047,24396,Single,France,AK Hotel,3
1048,24397,Double,Australia,AK Hotel,1
1049,24398,Suite,France,AK Hotel,3
1050,24399,Double,USA,AK Hotel,2
1051,24400,Double,Australia,AK Hotel,1
1052,24401,Single,Japan,AK Hotel,1
1053,24402,Double,France,AK Hotel,2
1054,24403,Single,France,AK Hotel,1
1055,24404,Suite,Japan,AK Hotel,2
1056,24405,Double,UK,AK Hotel,1
1057,24406,Single,Australia,AK Hotel,2
1058,24407,Double,UK,AK Hotel,2
1059,24408,Suite,Australia,AK Hotel,3
1060,24409,Double,USA,AK Hotel,2
1061,24410,Double,Australia,AK Hotel,2
1062,24411,Single,USA,AK Hotel,1
1063,24412,Suite,Australia,AK Hotel,1
1064,24413,Double,Japan,AK Hotel,3
1065,24414,Double,Japan,AK Hotel,1
1066,24415,Double,Australia,AK Hotel,2
1067,24416,Suite,France,AK Hotel,1
1068,24417,Single,UK,AK Hotel,1
1069,24418,Double,USA,AK Hotel,1
1070,24419,Suite,USA,AK Hotel,3
1071,24420,Single,UK,AK Hotel,2
1072,24421,Suite,UK,AK Hotel,2
1073,24422,Suite,France,AK Hotel,2
1074,24423,Single,France,AK Hotel,3
1075,24424,Single,UK,AK Hotel,1
1076,24425,Double,Japan,AK Hotel,1
1077,24426,Suite,UK,AK Hotel,2
1078,24427,Single,France,AK Hotel,3
1079,24428,Suite,USA,AK Hotel,3
1080,24429,Single,Australia,AK Hotel,2
1081,24430,Double,USA,AK Hotel,3
1082,24431,Single,France,AK Hotel,2
1083,24432,Single,Australia,AK Hotel,1
1084,24433,Double,USA,AK Hotel,1
1085,24434,Single,USA,AK Hotel,2
1086,24435,Suite,France,AK Hotel,2
1087,24436,Suite,Japan,AK Hotel,1
1088,24437,Single,UK,AK Hotel,3
1089,24438,Double,France,AK Hotel,2
1090,24439,Double,Australia,AK Hotel,2
1091,24440,Double,UK,AK Hotel,1
1092,24441,Suite,Japan,AK Hotel,3
1093,24442,Double,Australia,AK Hotel,2
1094,24443,Double,USA,AK Hotel,3
1095,24444,Double,Japan,AK Hotel,1
1096,24445,Suite,UK,AK Hotel,3
1097,24446,Single,Japan,AK Hotel,1
1098,24447,Suite,USA,AK Hotel,2
1099,24448,Double,Australia,AK Hotel,3
1100,24449,Double,UK,AK Hotel,3
1101,24450,Single,France,AK Hotel,3
1102,24451,Double,USA,AK Hotel,2
1103,24452,Double,Australia,AK Hotel,3
1104,24453,Double,USA,AK Hotel,2
1105,24454,Single,France,AK Hotel,3
1106,24455,Single,USA,AK Hotel,2
1107,24456,Suite,UK,AK Hotel,3
1108,24457,Double,France,AK Hotel,3
1109,24458,Single,UK,AK Hotel,3
1110,24459,Single,UK,AK Hotel,1
